id,title,file,domain,objective,shape,technique,trap,sources
P01,Point-in-time fundamentals: the revenue-acceleration screen that only worked in the backtest,problems/P01_sec-fsds-point-in-time-revenue-screen.md,Capital markets / quant research data platform,Data Extraction & Conformation (ETL / Pipeline Build),01 · Ranked list under a cap (top-N screen),Bitemporal (as-known-as-of) fact selection; YTD-to-discrete quarter derivation; XBRL tag-priority conformance,"Look-ahead through restated comparatives; ""latest value wins"" dedup",SEC EDGAR Financial Statement Data Sets (FSDS)
P02,13F institutional ownership: the quarter the units changed and the amendments that only add,problems/P02_sec-13f-institutional-ownership-bridge.md,Asset management / market-data product (ownership analytics),Data Extraction & Conformation (ETL / Pipeline Build),03 · Bridge between two totals (raw 13F sum → conformed ownership),Amendment-type-aware supersession; filing-date-driven unit conformance; option-row exclusion; CUSIP normalization,Mixed value units inside one report period; RESTATEMENT vs NEW HOLDINGS semantics,SEC Form 13F Data Sets; SEC Financial Statement Data Sets (cover-page shares outstanding)
P03,Issuer-group concentration: rolling holdings up the LEI tree without climbing the wrong branches,problems/P03_gleif-lei-hierarchy-nport-group-concentration.md,Asset management risk / regulatory reporting (BCBS 239-style risk data aggregation),Data Extraction & Conformation (ETL / Pipeline Build),10 · Scorecard against thresholds (5/10/40 group-concentration test per fund),"Graph roll-up over typed, time-bounded relationships; identifier fallback (ISIN→LEI); successor mapping","Treating ""managed-by"" as ""owned-by""; treating LAPSED registrations as dead entities; ignoring successor LEIs",SEC Form N-PORT data sets; GLEIF Golden Copy (Level 1 + Level 2 + reporting exceptions); GLEIF ISIN–LEI mapping
P04,"Organic deposit growth: the peer that ""grew fastest"" bought its growth",problems/P04_bank-merger-adjusted-organic-deposit-growth.md,Banking strategy / FP&A / peer benchmarking,Data Extraction & Conformation (ETL / Pipeline Build),"03 · Bridge between two totals (2019 → 2024 deposits, organic vs acquired)","Pro-forma (merger-adjusted) base construction from three event sources: charter transformations, holding-company relationship changes, and branch ownership moves",Only one of three acquisition channels captured; non-transitive merger chains; intra-family charter consolidations double counted,"FDIC Summary of Deposits (SOD); FFIEC NIC bulk data (Attributes, Relationships, Transformations); FDIC BankFind Suite"
P05,Mortgage market share across the 2018 HMDA overhaul: purchased loans and the two-part lender key,problems/P05_hmda-lender-market-share-composite-key.md,Mortgage lending / fair-lending compliance / market intelligence,Data Extraction & Conformation (ETL / Pipeline Build),01 · Ranked list under a cap (top lenders by originations),Multi-year schema conformance with key migration (respondent ID + agency → LEI); transaction-type filtering to avoid double counting,"Unique identifier is n+1 columns, not n; purchased loans counted twice in the market","FFIEC/CFPB HMDA public loan-level data, Transmittal Sheet, Reporter Panel, ARID-to-LEI crosswalk"
P06,Complaint surge or taxonomy seam? Sizing a post-event staffing plan on the CFPB database,problems/P06_cfpb-complaint-taxonomy-break-change-point.md,Consumer finance compliance / complaint-operations workforce planning,Anomaly Detection & Diagnostics (with taxonomy conformance),17 · Periods around a change point,Harmonizing a categorical taxonomy across a documented version change at sub-category grain; committed baseline + run-length excess test,Real schedule/definition change inside the baseline window; filtering on product names that only exist in one era,CFPB Consumer Complaint Database (full CSV/JSON export + field reference)
P07,"Federal spending C-to-D reconciliation: the contract key that is four columns, not one",problems/P07_data-act-file-c-to-d-award-key-reconciliation.md,Federal financial management / DATA Act reporting / grants & contracts transparency,Data Extraction & Conformation (ETL / Pipeline Build),03 · Bridge between two totals (File C award obligations ↔ File D1 contract transactions),Composite natural-key construction (PIID + parent IDV PIID + agency codes); account-key fidelity (full TAS incl. allocation-transfer agency and DEFC); period alignment,Linking on PIID alone creates false links that net variances away; TAS collapsed to agency+main account,"USAspending.gov custom account downloads (File A/B/C), award transaction downloads (File D1), DAIMS documentation"
P08,"Aid-flow ranking from IATI: value-dates, inherited currencies and dollars counted twice",problems/P08_iati-multicurrency-aid-flows-ranking.md,International development / philanthropy data platform,Data Extraction & Conformation (ETL / Pipeline Build),01 · Ranked list under a cap (top 3 recipient countries get coordination offices),"Attribute inheritance (transaction → activity defaults), FX conversion at the standard's value-date, percentage-split geographic attribution, de-duplication of pass-through flows between publishers",Converting at transaction-date or annual average; counting donor→NGO→country flows twice; assigning multi-country activities wholly to the first country,"IATI Datastore (activity/transaction data), IATI codelists, ECB euro reference rates, U.S. Treasury Reporting Rates of Exchange"
P09,"Hospital margin peers from Medicare cost reports: one hospital, three reports, two periods",problems/P09_hcris-cost-report-operating-margin-peers.md,Hospital finance / health-system strategy / benchmarking,Data Extraction & Conformation (ETL / Pipeline Build),01 · Ranked list under a cap (top-5 best-practice peers),Report-version supersession; combining split cost-reporting periods at component level; worksheet/line/column coordinate extraction; provider-type eligibility from CCN ranges,Duplicate report versions summed; short periods after a change of ownership picked alone or margin-averaged; wrong year file loaded,"CMS HCRIS Hospital 2552-10 cost report files (RPT, NMRC, ALPHA)"
P10,"Trial-results compliance report card: submitted is not posted, and completion is not primary completion",problems/P10_fdaaa-trial-results-reporting-compliance.md,Pharma regulatory transparency / clinical-trial disclosure,Data Extraction & Conformation (ETL / Pipeline Build),01 · Ranked list under a cap (five lowest-compliance sponsors named),Rule-based eligibility screen on a relational registry; deadline computation from the correct date field and date type; event-table reasoning (submission vs QC posting); lead-vs-collaborator role filtering,Posting date used instead of submission date; study completion instead of primary completion; anticipated dates treated as actual; collaborators counted,ClinicalTrials.gov via the AACT database (CTTI)
P11,"Medicaid pharmacy spread: 10-digit NDCs, effective-dated prices and the dispensing fee hiding in the total",problems/P11_ndc-normalization-nadac-medicaid-spread.md,Medicaid pharmacy benefit / payer analytics / drug pricing,Data Extraction & Conformation (ETL / Pipeline Build),03 · Bridge between two totals (amount reimbursed → NADAC ingredient benchmark),Segment-aware NDC 10→11 normalization; effective-dated price lookup (SCD type 2); billing-unit alignment; separating fee components from reimbursement totals,"Naive left-padding of NDCs; current price applied to history; dispensing fees left inside ""spread""",CMS State Drug Utilization Data (SDUD); CMS NADAC weekly files; FDA NDC Directory
P12,"A public-health ""win"" that is a coding seam: mortality trends across the ICD-9 → ICD-10 break",problems/P12_icd9-icd10-mortality-comparability-change-point.md,Public health surveillance / program evaluation,Experiment & Causal Analysis (with code-set conformance),17 · Periods around a change point,Harmonizing cause-of-death definitions across classification revisions with published comparability ratios; consistent age adjustment to one standard population; baseline projection and run-length test,Real classification change coinciding with the evaluation window; mixed age-adjustment standards,"CDC WONDER (Compressed Mortality 1979–1998, Underlying Cause of Death 1999+), NCHS comparability-ratio report, NCHS 2000 standard population"
P13,"Regional surge trigger from weekly hospital capacity: averages of ratios, suppressed sentinels, and the wrong ICU",problems/P13_hhs-hospital-capacity-surge-scorecard.md,Hospital operations / regional emergency preparedness,Descriptive & Distribution Analysis (scorecard) with feed conformance,10 · Scorecard against thresholds,Ratio-of-sums aggregation over facility rows with partial reporting coverage; sentinel-value handling per documentation; field selection by written definition (staffed adult ICU vs all ICU),Mean of hospital percentages; -999999 treated as a number or as a dropped row; total ICU beds (incl. NICU/PICU) used for an adult metric,"HHS ""COVID-19 Reported Patient Impact and Hospital Capacity by Facility"" (weekly), CDC/NCHS Health Service Area crosswalk"
P14,"Conflict-of-interest review from Open Payments: whose money is it, and which publication is current?",problems/P14_open-payments-coi-disclosure-ranking.md,Academic medicine compliance / research integrity,Data Extraction & Conformation (ETL / Pipeline Build),01 · Ranked list under a cap (15 committee review slots),Role-aware attribution (recipient vs principal investigator vs third party); publication supersession (initial vs refresh); identifier-based entity matching (NPI → profile ID),Institutional research funding attributed to PIs; initial + refreshed publications unioned; name-based matching,"CMS Open Payments (General, Research, Ownership files; Covered Recipient profile supplement); NPPES"
P15,"Behavioral-health workforce designation from NPPES: monthly snapshots, weekly deltas and dark records",problems/P15_nppes-incremental-loads-workforce-scorecard.md,State Medicaid / workforce policy / provider master data management,Data Extraction & Conformation (ETL / Pipeline Build),10 · Scorecard against thresholds (county × workforce metric),Snapshot + incremental (upsert) + deactivation replay to an as-of date; primary-attribute selection from repeating column groups; address-role selection and ZIP→county assignment,"Weekly files appended instead of upserted; deactivated ""dark"" NPIs counted; any-taxonomy matching; mailing address used","CMS NPPES Data Dissemination files (monthly full, weekly incremental, deactivation report, practice-location file), NUCC taxonomy, HUD ZIP–county crosswalk, Census population estimates"
P16,Most-efficient gas plants from EIA-923: combined cycles split in two and CHP fuel that never made electricity,problems/P16_eia-heat-rate-chp-combined-cycle.md,Power generation / utility resource planning / energy data engineering,Data Extraction & Conformation (ETL / Pipeline Build),01 · Ranked list under a cap (must-run efficiency list of N plants),Grain alignment across survey schedules (plant–prime mover–fuel vs generator vs boiler); combining combined-cycle components; electric-only fuel for CHP; handling negative net generation,Heat rate by prime mover (CA vs CT); total fuel instead of electric fuel for CHP; fan-out joins to EIA-860 generators,"EIA-923 (Generation and Fuel, Generator, Boiler Fuel pages), EIA-860 (plants, generators, boiler–generator associations)"
P17,"All-in retail electricity price in restructured states: one kWh, two bills, counted once",problems/P17_eia-861-delivery-vs-energy-only-retail-price.md,Energy procurement / retail electricity / corporate sustainability,Data Extraction & Conformation (ETL / Pipeline Build),07 · Grid of cells (state × customer sector average price),"Service-type-aware aggregation (bundled, energy-only, delivery-only) so quantities are counted once and revenues from both legs are included; inclusion of imputed/short-form records",Sales double counted across energy-only and delivery-only rows; delivery revenue omitted; adjustment rows dropped,"EIA-861 annual (Sales to Ultimate Customers, Short Form), EIA State Electricity Profiles"
P18,"Battery cycling threshold from day-ahead prices: hour-ending 24:00, 25-hour days and the UTC trap",problems/P18_iso-lmp-operating-day-battery-spread-threshold.md,Power markets / battery storage asset management,Forecasting & Predictive Modeling (operational policy from history),04 · Setting one dial (minimum daily spread that keeps cycles within warranty),"Market-calendar conformance: operating day in local prevailing time, hour-ending labels, repeated/missing DST hours; constrained daily optimization; order statistic for the dial",Grouping by UTC date; parsing HE 24:00 as 00:00 of the same day; deduplicating the repeated fall-back hour,ERCOT Day-Ahead Market Settlement Point Prices (hourly); ERCOT market calendar/protocol documentation
P19,Plant emissions intensity across EPA and EIA: choosing a key for a many-to-many world,problems/P19_ghgrp-camd-eia-crosswalk-many-to-many.md,ESG data products / climate disclosure / power-sector analytics,Data Extraction & Conformation (ETL / Pipeline Build),15 · Fields conformed to one schema (the adopted entity-matching rule is the answer),"Graph connected components (""subplants"") over a many-to-many unit↔generator crosswalk; per-field lineage and unit conversion; double-count tests on mass and energy",Row-level joins through a many-to-many crosswalk; multi-valued facility→plant codes; short vs metric tons; biogenic CO₂,"EPA Power Sector Data Crosswalk (CAMD–EIA), EPA CAMD/CAMPD emissions, EPA GHGRP (FLIGHT) data, EIA-923/860"
P20,"PM2.5 attainment from AQS: quarterly means, collocated monitors, event flags and the 98th-percentile rank table",problems/P20_aqs-pm25-design-values-attainment.md,Air quality permitting / environmental consulting / site selection,Descriptive & Distribution Analysis (regulatory scorecard),10 · Scorecard against thresholds (with 14 · cuts of a distribution for the 98th percentile),"Regulatory-algorithm replication (40 CFR Part 50 Appendix N): site-level record combination, completeness tests, quarter→year→3-year averaging, rank-table percentiles, rounding conventions; de-duplication by pollutant standard/event type",Simple annual average of all daily values; averaging collocated monitors; counting duplicated standard rows; including concurred exceptional events; wrong parameter code,"EPA AQS pre-generated daily files (parameter 88101), AQS monitor/site listings, 40 CFR Part 50 Appendix N"
P21,"Building-emissions penalties under NYC Local Law 97: statutory coefficients, mixed uses and campus rows",problems/P21_nyc-ll97-building-emissions-penalty-ranking.md,Real estate / building decarbonization / municipal climate policy,Data Extraction & Conformation (ETL / Pipeline Build),01 · Ranked list under a cap (25 outreach slots),Recomputing a regulated metric from raw energy with statutory coefficients (not the vendor's pre-computed column); area-weighted limits for mixed occupancies via a published type mapping; parent/child de-duplication; unit discipline (kWh vs kBtu),"Using Portfolio Manager's ""Total GHG Emissions""; single-use limit for mixed-use buildings; parent + child rows both counted; kWh coefficient on kBtu","NYC LL84 benchmarking disclosure (NYC Open Data), LL97 Covered Buildings List, NYC Admin Code §28-320 and 1 RCNY §103-14"
P22,"Pricing a parametric drought cover from GHCN-Daily: tenths of millimetres, quality flags and weekend totals",problems/P22_ghcn-parametric-drought-cover-burn-cost.md,Agricultural (re)insurance / parametric risk transfer / climate data engineering,Experiment & Causal Analysis (rule replayed on labeled history),08 · Rule replayed on history (burn cost → technical premium),Fixed-width climate record parsing; unit scaling; quality-flag and measurement-flag semantics; multi-day accumulation (MDPR/DAPR) handling; contractual fallback-station hierarchy,Values used without ÷10; -9999 used as a value or as zero; QC-flagged values kept; multi-day totals ignored,"NOAA NCEI GHCN-Daily (.dly / by-station CSV), station metadata and inventory, GHCN-D readme"
P23,"Drought-restriction trigger from streamflow: climatic years, provisional data and the 7Q10 you cannot compute by calendar",problems/P23_usgs-7q10-climatic-year-drought-trigger.md,Water utilities / drought contingency planning / hydrology data engineering,Experiment & Causal Analysis (rule replayed on history),08 · Rule replayed on history,"Hydrologic-year conformance (climatic year Apr 1–Mar 31 for low flows); qualifier-aware filtering (approved vs provisional, estimated, ice); moving-window statistics; log-Pearson III low-flow frequency",Calendar or water-year (Oct–Sep) minima; provisional data in frequency statistics; ice/missing as zero; centered vs trailing windows,"USGS NWIS daily values (discharge, with qualification codes), USGS low-flow statistics documentation"
P24,Forecasting taxi airport-fee revenue from monthly Parquet drops: a column that changed case and a fee that changed price,problems/P24_nyc-tlc-schema-drift-airport-fee-forecast.md,Transportation / airport ground-transport revenue / data lake engineering,Forecasting & Predictive Modeling (with ingestion conformance),02 · Forecast across many periods → one committed annual level,"Schema-drift-tolerant union (case-insensitive column mapping, type coercion) across monthly files; volume × rate decomposition across a tariff change; mandated seasonal forecast",Case-sensitive union nulls a column in some months; revenue forecast without separating the rate change; trips assigned by file month instead of timestamp,"NYC TLC Trip Record Data (yellow taxi monthly Parquet), TLC data dictionary, taxi zone lookup, TLC fare notices"
P25,"Frequent-network eligibility from GTFS: service days, 25:10:00 departures and frequency-based trips",problems/P25_gtfs-frequent-network-service-day.md,Public transit planning / service standards / grant eligibility,Data Extraction & Conformation (ETL / Pipeline Build),10 · Scorecard against thresholds (route × direction × metric),GTFS service-calendar resolution (calendar + calendar_dates exceptions); service-day time arithmetic beyond 24:00; expansion of frequencies.txt; timepoint-based headway measurement,Times parsed modulo 24; exceptions ignored; frequency trips not expanded; both directions pooled; first-stop headways,"An agency's static GTFS feed (archived version), GTFS reference, agency service standards"
P26,"Why did the hub's on-time performance fall? Marketing brand vs operating carrier, mix vs rate",problems/P26_bts-marketing-vs-operating-carrier-drilldown.md,Airline operations / airport performance / network planning,Root-Cause Analysis,12 · Drill-down to one leaf (brand → operating carrier → route group),Carrier-identity conformance (marketing vs operating vs reporting carrier); shift-share decomposition separating traffic-mix change from rate change at each level; regulator-consistent on-time definition,Attributing regional-partner flights to the regional's own code; reading rate changes without separating mix; mis-defining on-time with cancellations/diversions,"BTS Marketing Carrier On-Time Performance (2018+), BTS Reporting Carrier On-Time Performance, carrier/airport lookup tables"
P27,"Historical fleet mix by tail number: the registry tells you who owns the N-number today, not who flew in 2019",problems/P27_faa-n-number-reuse-historical-fleet-mix.md,Airports / aviation planning / emissions inventories,Data Extraction & Conformation (ETL / Pipeline Build),07 · Grid of cells (airport × aircraft size class),Slowly-changing-dimension lookup with validity intervals (current + deregistered registrations); identifier formatting conformance; reference-table enrichment,Join to the current registry only (reassigned and retired tails mis-typed or dropped); 'N' prefix mismatch; multiple historical registrations per N-number,"BTS Reporting Carrier On-Time Performance (tail numbers), FAA Releasable Aircraft Database (MASTER, DEREG, ACFTREF)"
P28,Which routes are overpriced? Airfares from the 10% ticket sample without double counting round trips,problems/P28_db1b-airfare-grain-proration-route-pitch.md,Air service development / airline network planning / consumer pricing analysis,Data Extraction & Conformation (ETL / Pipeline Build),01 · Ranked list under a cap (three routes pitched to airlines),Choosing the right grain among Coupon/Market/Ticket tables; fare proration to markets; passenger weighting; credibility/bulk filters; city-market (multi-airport) conformance; non-directional aggregation,Ticket fare joined onto both market legs; unweighted averages; airport pairs instead of city markets; directional-only markets,"BTS Airline Origin & Destination Survey (DB1B Market, Ticket, Coupon), BTS lookup tables"
P29,Terminal berth dwell from AIS: calls cut at midnight UTC and two ships sharing one MMSI,problems/P29_ais-port-call-dwell-vessel-identity.md,Ports & maritime logistics / terminal capital planning / geospatial streaming data,Data Extraction & Conformation (ETL / Pipeline Build),01 · Ranked list under a cap (one terminal receives new cranes),Sessionization of positional streams across file boundaries; geofencing with speed/duration rules and gap bridging; vessel identity resolution (MMSI + static attributes); filtering by vessel type,Daily files processed independently; gap = call end; MMSI treated as a unique vessel; tugs counted,"NOAA/BOEM MarineCadastre AIS daily point files, terminal polygons, AIS message/type documentation"
P30,"Alcohol-impaired-driving fatality rates from FARS: untested drivers, ten imputations and the fan-out join",problems/P30_fars-alcohol-impaired-multiple-imputation.md,Highway safety / federal grant targeting / epidemiology,Data Extraction & Conformation (ETL / Pipeline Build),01 · Ranked list under a cap (three states receive technical-assistance teams),"Multiple-imputation-aware estimation (classify per imputation, then average); crash-level classification from person-level data without fan-out; rate construction with external exposure (VMT)",Known-BAC-only counts; averaging imputed BACs before thresholding; summing crash fatalities over person rows; alcohol-involved (≥ .01) vs impaired (≥ .08),"NHTSA FARS (accident, vehicle, person, multiple-imputation BAC files), FHWA Highway Statistics VM-2"
P31,Allocating a fixed grant across Connecticut's new county-equivalents: rebuilding history from towns,problems/P31_connecticut-planning-regions-grant-allocation.md,State & local government finance / formula grants / geographic data conformance,Data Extraction & Conformation (ETL / Pipeline Build),05 · Allocation to a fixed total (solve the per-person rate under a floor),Geographic re-tabulation across a boundary-system change by aggregating a stable lower geography (towns/county subdivisions) to the new units; floor-constrained rate solving; largest-remainder rounding,Legacy-county data apportioned to planning regions by area or a single dominant mapping; mixing vintages on different geographies,"Census ACS 5-year (county subdivision level), Census geography change notes and relationship files for Connecticut planning regions"
P32,"ZIP-level tax data to county allocations: the crosswalk direction, the ratio type and the ""other ZIPs"" row",problems/P32_hud-zip-county-crosswalk-capped-allocation.md,State program administration / formula allocation / geographic conformance,Descriptive & Distribution Analysis (allocation),05 · Allocation to a fixed total (capped per-return rate),Many-to-many ZIP→county apportionment with the correct ratio file and ratio type; vintage alignment; treatment of suppressed/combined ZIP rows; cap-and-redistribute solving,COUNTY_ZIP ratios used to allocate ZIP data; total instead of residential ratio; dominant-county assignment; state-total and 99999 rows double counted,IRS SOI Individual Income Tax ZIP Code Data; HUD-USPS ZIP Code Crosswalk Files
P33,"Did poverty really rise in these tracts? Non-overlapping ACS periods, margins of error and moved tract lines",problems/P33_acs-nonoverlapping-tract-change-significance.md,Community development / municipal grants / survey statistics,Descriptive & Distribution Analysis (statistical scorecard),10 · Scorecard against thresholds (tract × test),Survey-estimate comparison with documented MOE propagation and significance testing; re-apportioning older estimates to current tract geography via a weighted crosswalk; correct universe for rates,Overlapping 5-year periods compared; tract GEOIDs matched across the 2010/2020 boundary change; MOEs ignored or mis-scaled; total population as denominator,"Census ACS 5-year detailed tables (B17001), Census guidance on comparing ACS data, 2010↔2020 tract relationship/crosswalk files"
P34,"Explaining a county's wage jump with QCEW: hierarchy levels, ownership codes and suppressed children",problems/P34_qcew-wage-growth-drilldown-suppression.md,Economic development / labor-market analysis / official statistics,Root-Cause Analysis,12 · Drill-down to one leaf (supersector → sector → 3-digit industry),"Navigating a coded aggregation hierarchy (aggregation-level and ownership codes); residual ""not disclosed"" children from published parents; shift-share decomposition of an average (mix vs within-industry rate)",Summing across hierarchy levels; own_code 0 for a private-sector question; suppressed zeros taken as true; mean of average wages,"BLS Quarterly Census of Employment and Wages (annual averages by area and industry), QCEW field layouts and code tables"
P35,"Repeat-disaster counties across a FEMA region: ""Statewide"" rows, program flags and distinct disasters",problems/P35_fema-declarations-statewide-expansion-ranking.md,Emergency management / hazard mitigation planning / public-sector analytics,Data Extraction & Conformation (ETL / Pipeline Build),01 · Ranked list under a cap (15 counties for a regional mitigation initiative),Expanding aggregate designations (statewide) to member units; counting distinct events rather than rows; program- and type-based filtering; county-equivalent conformance across states,Statewide rows left unexpanded (or expanded to the wrong county list); rows counted instead of distinct disasters; emergency/fire declarations included; biological (pandemic) declarations not excluded,"OpenFEMA Disaster Declarations Summaries (v2), Census county reference files"
P36,"Flood insurance loss ratios from public policy and claim records: written vs earned, rows vs insured units",problems/P36_nfip-earned-exposure-loss-ratio-grid.md,Property & casualty insurance / catastrophe risk / public insurance programs,Data Extraction & Conformation (ETL / Pipeline Build),07 · Grid of cells (state × flood-zone group loss ratio),Pro-rata earned premium and exposure across calendar years from policy terms; accident-year assignment of claims by date of loss; unit-count fields vs row counts; consistent cohort definitions,Written premium by effective-date year used as denominator; claims by year of payment or file year; counting rows instead of insured units; including ICC payments inconsistently,"OpenFEMA FIMA NFIP Redacted Policies (v2) and Redacted Claims (v2), NFIP data dictionaries"
P37,"EU cohesion region category: the right NUTS version, the right EU average and the right data vintage",problems/P37_eurostat-nuts-version-cohesion-category.md,Public policy / EU structural funds / official statistics conformance,Descriptive & Distribution Analysis (regulatory scorecard),10 · Scorecard against thresholds (region × year × category test),Classification-version conformance (re-aggregating NUTS 3 to the regulation's NUTS 2 version via correspondence tables); denominator-population choice (EU-27 vs EU-28 average); point-in-time data vintage,Current-NUTS codes assumed equal to old-NUTS regions; EU-28 average used; latest revised GDP used instead of the regulation's vintage,"Eurostat regional accounts (GDP and population by NUTS 2/NUTS 3), NUTS correspondence tables, Regulation (EU) 2021/1060 Art. 108 and Annex XXVI, Commission Implementing Decision (EU) 2021/1130"
P38,"""Aggravated assaults up 9%"": crime trend, counting rule or reporting change across the FBI's NIBRS transition",problems/P38_fbi-srs-to-nibrs-transition-hypotheses.md,Public safety analytics / criminal-justice statistics / city performance reporting,Root-Cause Analysis,18 · Hypotheses versus evidence,"Reconciling two counting systems (SRS hierarchy rule vs NIBRS all-offense, victim-based counts) at incident level; coverage (months reported) checks; definitional mapping; evidence grid scoring",Raw NIBRS counts compared with prior SRS counts; hierarchy rule ignored; incidents vs offenses vs victims conflated,"FBI Crime Data Explorer: NIBRS state master files (relational CSV), SRS (Return A) agency data, agency participation data; city open crime-incident data"
P39,Instructional spending per student from IPEDS: campuses whose finances live inside another campus,problems/P39_ipeds-parent-child-instruction-per-fte.md,Higher-education policy / state funding formulas / institutional research,Data Extraction & Conformation (ETL / Pipeline Build),01 · Ranked list under a cap (five lowest-spending reporting units receive a grant),Building reporting families from parent/child flags so numerators and denominators share a scope; harmonizing accounting-standard forms (GASB vs FASB); correct FTE source,Parent expenses divided by parent-only FTE; children with blank finance treated as zero; GASB-only extraction drops FASB-reporting publics,"NCES IPEDS complete data files (HD, finance F1A/F2, 12-month instructional activity EFIA, flags)"
P40,"Program value designation from College Scorecard: campus counts, family-level outcomes and ""PrivacySuppressed""",problems/P40_college-scorecard-opeid6-program-value-test.md,Higher-education accountability / state workforce funding / consumer information,Descriptive & Distribution Analysis (scorecard) with grain conformance,"10 · Scorecard against thresholds (program × test, completer-weighted pass share)",Mixed-grain join: campus-level (UNITID) completer counts with family-level (OPEID6) outcomes; suppression semantics; unit conversion (monthly payment → annual); external threshold join by state,De-duplicating OPEID6 rows and losing campus completers; summing completers per OPEID6 row multiplied by campuses; suppressed values as zero/fail; monthly payment used as annual,"U.S. Department of Education College Scorecard (Field of Study and Institution files), ED-published earnings thresholds, IPEDS completions"
P41,"Broadband grant allocation from the FCC map: what counts as ""served"", and where are the locations nobody claims?",problems/P41_fcc-bdc-unserved-locations-allocation.md,Telecommunications policy / broadband infrastructure grants (BEAD-style),Data Extraction & Conformation (ETL / Pipeline Build),"05 · Allocation to a fixed total (rate per unserved-equivalent location, with a floor)",Location-level de-duplication across provider × technology rows; policy-defined technology/latency/speed eligibility; reconstructing zero-provider locations from area totals; floor-constrained allocation,Satellite or unlicensed fixed wireless treated as reliable service; latency flag ignored; locations counted per availability row; locations with no provider missing from availability files,"FCC Broadband Data Collection public availability files (by state/technology), FCC BDC summary-by-geography files, NTIA BEAD program definitions"
P42,"Entry-level wage reliance index from H-1B LCAs: units of pay, positions vs cases, and ""Certified – Withdrawn""",problems/P42_dol-lca-wage-annualization-employer-index.md,Immigration compliance / HR compensation benchmarking / labor policy research,Anomaly Detection & Diagnostics,16 · Indicators into one score (composite index behind an eligibility screen),Unit-of-pay annualization on both sides of a ratio; position-weighted indicators; status-lifecycle semantics; deterministic employer-name normalization; min–max scaling and weighting,Hourly prevailing wage vs annual offered wage; case counts instead of positions; withdrawn certifications mis-classified; E-3/H-1B1 rows included,"U.S. DOL OFLC LCA Disclosure Data (H-1B, H-1B1, E-3), OFLC record layout, prevailing-wage level guidance"
P43,Mirror trade statistics: why U.S. pharma exports to Germany don't equal Germany's pharma imports from the U.S.,problems/P43_trade-mirror-statistics-asymmetry-bridge.md,Market sizing / trade analytics / official statistics reconciliation,Data Extraction & Conformation (ETL / Pipeline Build),03 · Bridge between two totals (exporter-reported → importer-reported),"Bilateral asymmetry reconciliation: valuation basis (FOB vs CIF), currency conversion at matching frequency, re-export removal, partner-attribution concepts (destination vs origin; national vs community concept), confidential trade; residual-driven source adoption",Annual-average FX; CIF/FOB ignored; total exports including re-exports; mixing national-concept and community-concept importer data,"U.S. Census Bureau international trade (API / USA Trade Online), Eurostat Comext, Destatis GENESIS foreign trade tables, OECD ITIC (CIF/FOB margins), ECB exchange rates"
P44,"Loyalty-tier thresholds from a wholesale order log: cancellations, overlapping extracts and the tempting de-dup",problems/P44_online-retail-net-spend-loyalty-tier-cuts.md,Retail / B2B e-commerce / CRM and loyalty programs,Descriptive & Distribution Analysis,14 · Cuts of a distribution (nested tier boundaries by segment),"Transaction-ledger conformance (sales, cancellations, adjustments, non-product lines); de-duplicating overlapping extracts without removing legitimate repeated lines; weighted percentile cuts with rounding rules",Overlapping sheet periods double counted; legitimate identical lines removed by blanket de-dup; cancellations dropped or matched to original dates; postage/fees counted as spend,"UCI Machine Learning Repository — Online Retail II (UK online wholesaler, 2009–2011)"
P45,"Merging two food product catalogs on barcodes: leading zeros, UPC-E, check digits and in-store codes",problems/P45_gtin-normalization-product-master-matching.md,CPG / grocery retail / nutrition data products / product master data management,Data Extraction & Conformation (ETL / Pipeline Build),15 · Fields conformed to one schema (the adopted barcode matching rule is the answer),"GTIN normalization (GTIN-8/12/13/14 → GTIN-14), UPC-E expansion, check-digit validation, exclusion of restricted-circulation prefixes; per-field survivorship and unit normalization",Barcodes cast to integers; naive left-padding of UPC-E; restricted-circulation (variable-weight/in-store) numbers treated as global identifiers,"USDA FoodData Central (Branded Foods), Open Food Facts product database, GS1 General Specifications (prefix and check-digit rules)"
P46,"Comparable sales in a 53-week year: the extra week, the shifted calendar and the stores that weren't comparable",problems/P46_retail-53-week-year-comparable-sales-grid.md,Retail / wholesale distribution / FP&A,Data Extraction & Conformation (ETL / Pipeline Build),07 · Grid of cells (category × fiscal quarter comparable growth),"Retail 4-5-4 fiscal calendar construction (incl. 53-week years); ""shifted"" week alignment for comps; comparable-store eligibility; category conformance across a changing product hierarchy",Calendar-month or unadjusted fiscal comparisons; 53rd week left in; non-comparable stores included; categories keyed by name instead of code,"Iowa Liquor Sales (State of Iowa open data), NRF 4-5-4 calendar definition"
P47,"Which market drove the regional price fall? Land Registry deltas, Category B transfers and mix vs price",problems/P47_uk-price-paid-delta-files-price-drilldown.md,Residential property / mortgage risk / housing market analytics,Root-Cause Analysis,12 · Drill-down to one leaf (region → local authority district → property type),Applying change-data-capture records (add/change/delete) to rebuild a dataset as of a date; transaction-category filtering (standard vs additional price paid); shift-share decomposition of mean price (mix vs within-type price),"Monthly update files appended without applying C/D statuses; Category B (portfolio/company/repossession) transfers included; median-based ""decomposition"" that cannot separate mix",HM Land Registry Price Paid Data (yearly files and monthly update files)
P48,Condo assessment uniformity in New York City: unit lots vs billing lots and the package sale repeated on every unit,problems/P48_nyc-condo-unit-bbl-assessment-ratio-study.md,Property tax administration / real-estate valuation / municipal data,Data Extraction & Conformation (ETL / Pipeline Build),01 · Ranked list under a cap (five neighborhoods re-reviewed),"Hierarchical parcel-key conformance (condo unit BBL ↔ billing BBL); multi-parcel (""package"") sale reconstruction; arm's-length screening; IAAO ratio-study statistics with trimming",Unit-lot sales joined to billing-lot (whole-building) values; package price counted on each unit; nominal/$0 transfers kept; COD computed without trimming or on means,"NYC Department of Finance rolling/annualized sales, DOF property assessment roll, Digital Tax Map condominium tables, PLUTO; IAAO Standard on Ratio Studies"
P49,"Short-let enforcement targeting: estimating nights from reviews, not from a calendar that hosts block",problems/P49_inside-airbnb-occupancy-model-enforcement.md,Municipal housing enforcement / short-term rental regulation / platform data,Anomaly Detection & Diagnostics,01 · Ranked list under a cap (25 host audits),"Applying a documented occupancy-estimation model (review rate, length of stay, minimum-night override, occupancy cap); listing → host aggregation; single-snapshot discipline across repeated scrapes",Unavailable calendar days treated as booked; lifetime reviews instead of last-12-month reviews; repeated scrapes appended; host counts from the platform-wide field,"Inside Airbnb (listings, calendar, reviews) for a city scrape; Inside Airbnb occupancy-model documentation; local short-let rules"
P50,"Mine-safety performance by parent company: violations belong to the controller at the time, not the owner today",problems/P50_msha-controller-history-violation-rates.md,Mining / industrial safety / ESG screening and insurance underwriting,Data Extraction & Conformation (ETL / Pipeline Build),01 · Ranked list under a cap (ten controllers selected for engagement),"Effective-dated (SCD type 2) ownership attribution for both numerator events and denominator exposure; day-weighted allocation of quarterly exposure across ownership changes; exposure scope rules (operator vs contractor, sub-units)",Current controller used for history; hours including contractor/office sub-units; violator type ignored; controller names instead of IDs,"MSHA Open Government Data (Mines, Controller/Operator History, Violations, Quarterly Employment/Production), MSHA data dictionaries"
