seccio_censal,municipi,districte,habitatges_grans_tenidors,percentatge_grans_tenidors,grup_o_titular_amb_mes_habitatges,habitatges_del_grup_o_titular,habitatges_grans_tenidors_sense_empadronats
0301401008,Alacant,districte 1,157,28.0,Grup Cantonera,43,8
0301402014,Alacant,districte 2,155,25.7,Grup Barana,38,9
0301405003,Alacant,districte 5,109,17.8,Grup Cantonera,28,5
1204001006,Castelló de la Plana,districte 1,154,22.4,Grup Porxo,40,9
1204003011,Castelló de la Plana,districte 3,92,17.8,Grup Arcada,25,6
4625001005,València,Ciutat Vella,260,32.0,Grup Barana,89,14
4625001012,València,Ciutat Vella,183,24.2,Grup Xamfrà,75,11
4625002007,València,l'Eixample,202,29.3,Grup Finestral,73,9
4625002019,València,l'Eixample,163,22.6,Grup Finestral,50,12
4625005013,València,la Saïdia,183,20.8,Grup Escaire,47,10
4625011004,València,Poblats Marítims,310,33.3,Grup Barana,108,17
4625011016,València,Poblats Marítims,168,26.2,Grup Mitgera,48,7
4625012009,València,Camins al Grau,141,26.2,Grup Ràfec,54,13
4625013021,València,Algirós,155,20.7,Grup Andana,48,6
